model,top_k,periods,avg_realized_return,win_rate,cumulative_return_proxy
m3net_full,5,10,0.005625192673230298,0.5,0.05355678801898245
m3net_full,10,10,0.01579171689130456,0.7,0.1654156422057329
m3net_full,20,10,0.013628689316387268,0.8,0.14187452372164766
