profile,top_k,model,periods,avg_realized_return,win_rate,cumulative_return_proxy,max_drawdown,worst_period_return,max_drawdown_risk,worst_period_return_risk
default,5,m3net_risk_reranker,18,0.0260509473073087,0.7222222222222222,0.5709451793408147,-0.0313701709710932,-0.0313701709710934,-0.0313701709710932,-0.0313701709710934
default,10,m3net_risk_reranker,18,0.0224612998561564,0.6666666666666666,0.4776808285554941,-0.0299384481755095,-0.0299384481755094,-0.0299384481755095,-0.0299384481755094
default,20,m3net_full,18,0.0233739108718184,0.6111111111111112,0.493779443628964,-0.0493043326440184,-0.0493043326440186,-0.0493043326440184,-0.0493043326440186
