profile,top_k,model,periods,settled_periods,avg_realized_return,win_rate,cumulative_return_proxy,max_drawdown,worst_period_return
default,5,m3net_risk_reranker,18,18,0.026050947307308756,0.7222222222222222,0.5709451793408147,-0.03137017097109329,-0.031370170971093445
default,10,m3net_risk_reranker,18,17,0.023905642634850562,0.7058823529411765,0.4807793999961605,-0.029938448175509502,-0.029938448175509433
default,20,m3net_full,22,20,0.02175024812194163,0.6,0.5148603835477763,-0.049304332644018456,-0.04930433264401862
