profile,top_k,model,periods,max_drawdown,worst_period_return
aggressive,5,m3net_reranker,6,-0.031755786929424046,-0.0231734257535344
aggressive,10,m3net_reranker,6,-0.01796955950877055,-0.0129285918035579
aggressive,20,m3net_full,6,-0.032636579641232455,-0.024551403753785
risk_aware,5,m3net_risk_reranker,6,-0.022943662700001144,-0.0229436627000012
risk_aware,10,m3net_risk_reranker,6,-0.01982885951606661,-0.0105011970037507
risk_aware,20,m3net_full,6,-0.032636579641232455,-0.024551403753785
topk_experimental,5,m3net_topk_reranker,6,-0.07643824136522859,-0.0684243077175163
topk_experimental,10,m3net_topk_reranker,6,-0.052707777413996126,-0.0431928249506417
topk_experimental,20,m3net_full,6,-0.032636579641232455,-0.024551403753785
