profile,top_k,model,periods,avg_realized_return,win_rate,cumulative_return_proxy,max_drawdown,worst_period_return,max_drawdown_risk,worst_period_return_risk
default,5,m3net_risk_reranker,44,0.0188068507003913,0.6590909090909091,1.212475007978388,-0.0747380741783002,-0.0313701709710934,-0.0747380741783002,-0.0313701709710934
default,10,m3net_risk_reranker,44,0.0179637957463225,0.6590909090909091,1.152641562277247,-0.0299384481755093,-0.0348542546517656,-0.0299384481755093,-0.0348542546517656
default,20,m3net_full,44,0.0177169775856945,0.6590909090909091,1.120945925442602,-0.0493043326440185,-0.0493043326440186,-0.0493043326440185,-0.0493043326440186
