profile,top_k,model,periods,settled_periods,avg_realized_return,win_rate,cumulative_return_proxy,max_drawdown,worst_period_return
default,5,m3net_risk_reranker,44,44,0.018806850700391356,0.6590909090909091,1.21247500797839,-0.07473807417830047,-0.031370170971093445
default,10,m3net_risk_reranker,44,42,0.01905625292135586,0.6904761904761905,1.1742616026642625,-0.02993844817550939,-0.03485425465176561
default,20,m3net_full,48,44,0.01754427221572871,0.6590909090909091,1.1024909312143927,-0.04930433264401857,-0.04930433264401862
