model,top_k,periods,avg_realized_return,win_rate,cumulative_return_proxy
baseline_factor,5,10,0.02355028526997761,0.7,0.25232789998152283
baseline_factor,10,10,0.00956120800006995,0.8,0.09512361486967769
baseline_factor,20,10,0.00535402695542914,0.7,0.05159193163052689
m3net_full,5,10,0.011573643664283704,0.4,0.08681058088692817
m3net_full,10,10,0.008754305621674247,0.4,0.07629688528463685
m3net_full,20,10,0.01061217724266833,0.5,0.10162143759456654
