model,top_k,periods,avg_realized_return,win_rate,cumulative_return_proxy
baseline_factor,5,10,0.02355028526997761,0.7,0.25232789998152283
baseline_factor,10,10,0.00956120800006995,0.8,0.09512361486967769
baseline_factor,20,10,0.00535402695542914,0.7,0.05159193163052689
m3net_full,5,10,0.013893946839338636,0.8,0.14593863673744667
m3net_full,10,10,0.014743966440661543,0.8,0.15526817590883812
m3net_full,20,10,0.02031864372658164,0.9,0.2195636573647861
