model,top_k,periods,avg_realized_return,win_rate,cumulative_return_proxy
m3net_full,5,10,0.023116309932000673,0.8,0.2520109883830659
m3net_full,10,10,0.020591306742030475,0.8,0.22117484290794787
m3net_full,20,10,0.020700553753497018,0.9,0.22452774223463123
