model,top_k,periods,avg_realized_return,win_rate,cumulative_return_proxy
m3net_full,5,10,0.012799402051347844,0.5,0.13031507362027006
m3net_full,10,10,0.015222841734730338,0.6,0.15856164686815966
m3net_full,20,10,0.01772631943270042,0.6,0.18905624971275214
